,0,1
0,0.0,0.0
1,0.0028125,-0.000625
2,0.0203125,-0.0053125
3,0.0465625,-0.01125
4,0.093125,-0.021875
5,0.145313,-0.0340625
6,0.230625,-0.054375
7,0.282813,-0.0665625
8,0.38,-0.0903125
9,0.490938,-0.119062
10,0.595937,-0.146875
11,0.704062,-0.176875
12,0.837812,-0.215937
13,0.987188,-0.262812
14,1.145,-0.315313
15,1.30281,-0.37
16,1.46219,-0.42875
17,1.64812,-0.500937
18,1.83844,-0.579375
19,2.02531,-0.66
20,2.21406,-0.74625
21,2.40719,-0.839375
22,2.58094,-0.925
23,2.79781,-1.02375
24,3.02719,-1.11687
25,3.23062,-1.19
26,3.47156,-1.26781
27,3.70969,-1.33562
28,4.13719,-1.43531
29,4.29625,-1.46687
30,4.55062,-1.51187
31,4.84812,-1.55719
32,5.14594,-1.59438
33,5.4875,-1.62687
34,5.82875,-1.64937
35,6.18344,-1.6625
36,6.48031,-1.66531
37,6.87313,-1.66094
38,7.19562,-1.65031
39,7.56,-1.63
40,7.92687,-1.59938
41,8.29,-1.55937
42,8.61812,-1.52062
43,8.93687,-1.4875
44,9.28594,-1.46
45,9.62562,-1.4425
46,9.95906,-1.43625
47,10.2584,-1.4425
48,10.5528,-1.45844
49,10.8441,-1.48312
50,11.15,-1.51781
51,11.4369,-1.55937
52,11.6959,-1.60406
53,11.9403,-1.65312
54,12.1981,-1.71312
55,12.4662,-1.78344
56,12.67,-1.84281
57,12.9403,-1.92937
58,13.1609,-2.00688
59,13.4059,-2.10031
60,13.6522,-2.20219
61,13.8962,-2.31031
62,14.1403,-2.42656
63,14.3438,-2.53
64,14.5891,-2.66219
65,14.835,-2.80344
66,15.0856,-2.95687
67,15.3166,-3.10063
68,15.5822,-3.25844
69,15.8663,-3.41906
70,16.1016,-3.55094
71,16.3813,-3.70875
72,16.6737,-3.86875
73,16.9397,-4.00531
74,17.2681,-4.16
75,17.5837,-4.2925
76,17.8484,-4.39375
77,18.1978,-4.51562
78,18.4922,-4.60781
79,18.8237,-4.70156
80,19.1038,-4.77219
81,19.4541,-4.84875
82,19.7537,-4.90469
83,20.0406,-4.94969
84,20.3422,-4.98781
85,20.6544,-5.01813
86,20.9481,-5.03813
87,21.2175,-5.04844
88,21.4844,-5.05188
89,21.7553,-5.0475
90,22.0359,-5.03437
91,22.3028,-5.01406
92,22.5528,-4.98844
93,22.8306,-4.95219
94,23.095,-4.91
95,23.3741,-4.85812
96,23.6431,-4.79938
97,23.9003,-4.73656
98,24.1562,-4.66687
99,24.4372,-4.58219
100,24.7378,-4.48219
101,24.9928,-4.38969
102,25.2631,-4.28719
103,25.5809,-4.17312
104,25.8475,-4.08063
105,26.1734,-3.96625
106,26.4778,-3.85844
107,26.7687,-3.7575
108,27.0553,-3.665
109,27.4144,-3.56094
110,27.6869,-3.4925
111,28.0044,-3.42594
112,28.3247,-3.36531
113,28.6172,-3.31375
114,28.92,-3.26562
115,29.2222,-3.22406
116,29.5162,-3.18937
117,29.7841,-3.16437
118,30.065,-3.14656
119,30.3687,-3.13437
120,30.6175,-3.13063
121,30.8881,-3.1325
122,31.1397,-3.13406
123,31.4484,-3.12906
124,31.7044,-3.12375
125,31.9559,-3.11875
126,32.2356,-3.11437
127,32.5472,-3.10406
128,32.81,-3.08812
129,33.1184,-3.05844
130,33.4197,-3.01688
131,33.6741,-2.97219
132,33.9978,-2.90594
133,34.2822,-2.83875
134,34.5978,-2.75469
135,34.9069,-2.6625
136,35.1991,-2.56562
137,35.485,-2.46187
138,35.8209,-2.32844
139,36.0806,-2.21656
140,36.3722,-2.08156
141,36.6409,-1.94719
142,36.9028,-1.80687
143,37.1991,-1.63656
144,37.4547,-1.47844
145,37.8122,-1.23875
146,37.9162,-1.16469
147,38.1244,-1.01063
148,38.3531,-0.830625
149,38.57,-0.649063
150,38.7481,-0.491875
151,38.9394,-0.31375
152,39.1503,-0.117812
153,39.3416,0.0490625
154,39.5506,0.219687
155,39.7734,0.39625
156,39.985,0.560313
157,40.2,0.718437
158,40.4609,0.895938
159,40.6763,1.02937
160,40.9287,1.175
161,41.22,1.33094
162,41.475,1.45812
163,41.7772,1.59906
164,42.0247,1.70531
165,42.3456,1.83312
166,42.6384,1.94031
167,42.9697,2.06062
168,43.2625,2.16531
169,43.6012,2.28156
170,43.9137,2.38469
171,44.2159,2.48
172,44.5059,2.57656
173,44.8428,2.69937
174,45.1109,2.80594
175,45.4222,2.9425
176,45.6953,3.07625
177,45.9475,3.20906
178,46.2275,3.36812
179,46.4519,3.50437
180,46.7056,3.66781
181,46.93,3.82187
182,47.1459,3.97906
183,47.3641,4.14812
184,47.5456,4.29719
185,47.755,4.47906
186,47.9369,4.64469
187,48.1275,4.81625
188,48.3141,4.97375
189,48.5269,5.14031
190,48.7366,5.29312
191,48.9644,5.44562
192,49.1719,5.57219
193,49.4303,5.71906
194,49.6522,5.83687
195,49.9069,5.96312
196,50.1975,6.09781
197,50.4509,6.20625
198,50.7219,6.31406
199,51.0144,6.42094
200,51.3112,6.52
201,51.6428,6.61937
202,51.9447,6.70094
203,52.2709,6.77906
204,52.6253,6.85219
205,52.9203,6.90438
206,53.2469,6.9525
207,53.5703,6.99094
208,53.8966,7.02031
209,54.2341,7.04
210,54.5625,7.04906
211,54.8631,7.04875
212,55.2006,7.03813
213,55.5175,7.01875
214,55.8159,6.99094
215,56.1056,6.95594
216,56.3794,6.91937
217,56.6562,6.88781
218,57.0056,6.86031
219,57.2272,6.85
220,57.4966,6.84594
221,57.7641,6.8525
222,58.0612,6.87219
223,58.3003,6.89469
224,58.5809,6.92937
225,58.8597,6.97125
226,59.1312,7.01969
227,59.4328,7.08187
228,59.7247,7.15156
229,60.0341,7.23469
230,60.2741,7.30562
231,60.5897,7.3975
232,60.8847,7.47531
233,61.2119,7.55125
234,61.5572,7.62187
235,61.815,7.67062
236,62.1572,7.72406
237,62.4675,7.75969
238,62.7884,7.785
239,63.0912,7.79938
240,63.3662,7.80531
241,63.6784,7.80281
242,63.9719,7.79156
243,64.2153,7.77531
244,64.4916,7.74969
245,64.78,7.71469
246,65.0194,7.67844
247,65.2784,7.63188
248,65.5359,7.57812
249,65.7928,7.51656
250,66.04,7.45563
251,66.2722,7.39625
252,66.5381,7.32375
253,66.7584,7.25937
254,67.0175,7.17906
255,67.2966,7.09562
256,67.5456,7.03
257,67.8356,6.96312
258,68.1225,6.90812
259,68.4016,6.86594
260,68.6706,6.83562
261,68.9606,6.81156
262,69.2722,6.79437
263,69.5959,6.78625
264,69.8878,6.78687
265,70.2438,6.79844
266,70.5722,6.81906
267,70.9022,6.84937
268,71.2409,6.89
269,71.5475,6.93656
270,71.8587,6.9925
271,72.1769,7.05937
272,72.4994,7.13687
273,72.8256,7.22625
274,73.1278,7.31906
275,73.4481,7.42812
276,73.7006,7.52281
277,73.9903,7.64094
278,74.2716,7.76562
279,74.5144,7.88156
280,74.7562,8.00469
281,75.04,8.16062
282,75.2584,8.28937
283,75.5022,8.44344
284,75.7175,8.58094
285,75.9262,8.71125
286,76.1725,8.86719
287,76.4128,9.02312
288,76.6669,9.19219
289,76.855,9.31469
290,77.13,9.48719
291,77.3456,9.62125
292,77.6141,9.78687
293,77.8741,9.94719
294,78.1284,10.1003
295,78.4256,10.2688
296,78.7134,10.4178
297,78.9666,10.5372
298,79.2581,10.6622
299,79.5434,10.7747
300,79.8525,10.8859
301,80.1534,10.9844
302,80.4856,11.0819
303,80.7331,11.1466
304,81.0141,11.2125
305,81.3056,11.2719
306,81.595,11.3216
307,81.88,11.3622
308,82.1556,11.3934
309,82.4241,11.4203
310,82.7109,11.4559
311,82.9584,11.495
312,83.2147,11.5431
313,83.5131,11.6109
314,83.7447,11.6741
315,84.0209,11.76
316,84.2644,11.8444
317,84.5569,11.9553
318,84.8006,12.0553
319,85.0828,12.18
320,85.3559,12.3109
321,85.6141,12.4434
322,85.9103,12.6059
323,86.1634,12.7544
324,86.4444,12.93
325,86.6738,13.0825
326,86.9672,13.2897
327,87.2209,13.4806
328,87.5019,13.7056
329,87.7281,13.8978
330,87.9837,14.1272
331,88.2412,14.3737
332,88.4766,14.6137
333,88.6619,14.8144
334,88.8997,15.0831
335,89.0816,15.2878
336,89.31,15.5322
337,89.5159,15.7397
338,89.7522,15.9625
339,89.9584,16.1419
340,90.1534,16.2997
341,90.4069,16.4916
342,90.5884,16.6203
343,90.8278,16.7806
344,91.0437,16.9163
345,91.2616,17.0447
346,91.4984,17.1763
347,91.7259,17.295
348,91.9847,17.4203
349,92.2509,17.5409
350,92.5025,17.6462
351,92.7522,17.7434
352,93.0275,17.8419
353,93.3231,17.9381
354,93.5709,18.0116
355,93.9575,18.1141
356,94.2034,18.1716
357,94.4853,18.2297
358,94.8178,18.2887
359,95.14,18.3359
360,95.4216,18.3694
361,95.7378,18.3981
362,96.0681,18.4184
363,96.4181,18.4294
364,96.7284,18.4294
365,97.0366,18.4206
366,97.3481,18.4034
367,97.6609,18.3759
368,97.9613,18.3406
369,98.2456,18.2987
370,98.5128,18.2522
371,98.7928,18.195
372,99.0747,18.1281
373,99.3659,18.0497
374,99.6112,17.9766
375,99.8734,17.8903
376,100.141,17.7934
377,100.377,17.7003
378,100.647,17.5859
379,100.862,17.4878
380,101.134,17.355
381,101.396,17.2181
382,101.653,17.0731
383,101.906,16.9212
384,102.13,16.7812
385,102.412,16.6075
386,102.684,16.4516
387,102.97,16.2981
388,103.217,16.1753
389,103.549,16.0253
390,103.823,15.9137
391,104.123,15.8034
392,104.438,15.6978
393,104.743,15.6059
394,105.029,15.5284
395,105.362,15.4491
396,105.655,15.3881
397,105.952,15.3353
398,106.242,15.2925
399,106.507,15.2566
400,106.797,15.2112
401,107.087,15.1566
402,107.359,15.0953
403,107.635,15.0225
404,107.879,14.9475
405,108.136,14.8587
406,108.401,14.7578
407,108.658,14.6509
408,108.909,14.5387
409,109.171,14.4131
410,109.41,14.2903
411,109.713,14.1231
412,109.95,13.9841
413,110.212,13.82
414,110.461,13.6537
415,110.713,13.4756
416,110.994,13.2638
417,111.253,13.0556
418,111.505,12.8416
419,111.718,12.65
420,111.977,12.4103
421,112.196,12.2094
422,112.425,11.9947
423,112.659,11.7706
424,112.88,11.5525
425,113.088,11.3491
426,113.323,11.1316
427,113.558,10.9284
428,113.752,10.7725
429,113.973,10.6072
430,114.214,10.4406
431,114.414,10.3106
432,114.64,10.1722
433,114.863,10.0447
434,115.111,9.9125
435,115.33,9.80375
436,115.565,9.69438
437,115.807,9.58969
438,116.057,9.48906
439,116.296,9.40063
440,116.537,9.31812
441,116.814,9.23094
442,117.052,9.16344
443,117.347,9.0875
444,117.631,9.02344
445,117.908,8.9675
446,118.247,8.91094
447,118.545,8.87
448,118.854,8.83594
449,119.174,8.80906
450,119.491,8.78531
451,119.802,8.75719
452,120.144,8.72469
453,120.498,8.6925
454,120.835,8.66375
455,121.149,8.63281
456,121.512,8.5875
457,121.859,8.53312
458,122.141,8.47844
459,122.473,8.40156
460,122.812,8.32
461,123.118,8.24562
462,123.389,8.17562
463,123.697,8.09156
464,123.978,8.01031
465,124.287,7.91562
466,124.539,7.835
467,124.816,7.74219
468,125.086,7.64687
469,125.32,7.56156
470,125.59,7.46781
471,125.836,7.39094
472,126.094,7.32062
473,126.326,7.26687
474,126.587,7.21688
475,126.837,7.17812
476,127.118,7.14281
477,127.368,7.11844
478,127.644,7.09844
479,127.938,7.08562
480,128.209,7.08125
481,128.48,7.08406
482,128.78,7.095
483,129.1,7.11625
484,129.353,7.13969
485,129.651,7.175
486,129.975,7.22312
487,130.302,7.28125
488,130.617,7.34656
489,130.925,7.42
490,131.209,7.49625
491,131.538,7.595
492,131.811,7.68531
493,132.127,7.80062
494,132.388,7.905
495,132.654,8.01719
496,132.943,8.13594
497,133.208,8.23563
498,133.48,8.32969
499,133.759,8.41562
500,134.009,8.48312
501,134.284,8.545
502,134.533,8.59188
503,134.798,8.63406
504,135.05,8.6675
505,135.288,8.69219
506,135.519,8.71031
507,135.775,8.72375
508,136.046,8.73031
509,136.314,8.73
510,136.562,8.725
511,136.851,8.72469
512,137.128,8.73406
513,137.372,8.75
514,137.661,8.77812
515,137.972,8.82125
516,138.284,8.87844
517,138.538,8.93344
518,138.84,9.00719
519,139.147,9.09188
520,139.443,9.18281
521,139.756,9.28844
522,140.044,9.39437
523,140.366,9.52406
524,140.678,9.66062
525,140.947,9.78625
526,141.269,9.94
527,141.603,10.0906
528,141.91,10.2194
529,142.239,10.3456
530,142.536,10.4478
531,142.814,10.5322
532,143.128,10.6169
533,143.433,10.6887
534,143.713,10.7456
535,144.016,10.7987
536,144.288,10.8387
537,144.558,10.87
538,144.859,10.8959
539,145.105,10.9103
540,145.388,10.9184
541,145.616,10.9187
542,145.88,10.9122
543,146.155,10.8981
544,146.421,10.8778
545,146.695,10.8488
546,146.97,10.8119
547,147.237,10.7684
548,147.525,10.7137
549,147.828,10.6472
550,148.081,10.5847
551,148.367,10.5062
552,148.687,10.4184
553,148.977,10.3409
554,149.286,10.2556
555,149.605,10.1634
556,149.897,10.0769
557,150.193,9.99438
558,150.544,9.9075
559,150.821,9.84875
560,151.133,9.7925
561,151.44,9.74969
562,151.767,9.715
563,152.072,9.69187
564,152.385,9.67781
565,152.693,9.67344
566,152.971,9.6775
567,153.228,9.68844
568,153.511,9.70844
569,153.792,9.73687
570,154.048,9.77
571,154.299,9.80937
572,154.594,9.86375
573,154.872,9.92406
574,155.116,9.98344
575,155.393,10.0588
576,155.648,10.1359
577,155.936,10.2312
578,156.216,10.3331
579,156.457,10.4284
580,156.739,10.5475
581,157.041,10.6831
582,157.301,10.8075
583,157.59,10.9544
584,157.89,11.1169
585,158.177,11.2831
586,158.407,11.4172
587,158.711,11.5881
588,159.0,11.7397
589,159.257,11.8653
590,159.555,11.9981
591,159.822,12.1047
592,160.075,12.1962
593,160.353,12.2878
594,160.64,12.3725
595,160.911,12.4437
596,161.163,12.5025
597,161.404,12.5522
598,161.647,12.5959
599,161.907,12.6347
600,162.151,12.6644
601,162.389,12.6869
602,162.674,12.7059
603,162.895,12.7147
604,163.163,12.7188
605,163.426,12.7153
606,163.671,12.7063
607,163.962,12.6875
608,164.241,12.6616
609,164.489,12.6328
610,164.768,12.5925
611,165.036,12.5472
612,165.348,12.485
613,165.653,12.4153
614,165.912,12.3484
615,166.222,12.2594
616,166.53,12.1678
617,166.853,12.0778
618,167.209,11.9897
619,167.526,11.9219
620,167.822,11.8675
621,168.152,11.8194
622,168.468,11.7847
623,168.825,11.7569
624,169.153,11.7422
625,169.473,11.7369
626,169.768,11.7409
627,170.054,11.7525
628,170.359,11.7744
629,170.702,11.8097
630,170.997,11.8494
631,171.247,11.89
632,171.525,11.9428
633,171.807,12.0059
634,172.066,12.0712
635,172.283,12.1328
636,172.552,12.2162
637,172.806,12.2944
638,173.029,12.3559
639,173.322,12.4259
640,173.578,12.4812
641,173.827,12.5316
642,174.108,12.5844
643,174.399,12.6278
644,174.678,12.6578
645,174.956,12.6778
646,175.224,12.6897
647,175.549,12.6947
648,175.869,12.6906
649,176.171,12.6781
650,176.476,12.6566
651,176.82,12.6225
652,177.102,12.5862
653,177.443,12.5325
654,177.809,12.4634
655,178.124,12.3944
656,178.478,12.3053
657,178.77,12.2244
658,179.104,12.1334
659,179.452,12.0478
660,179.792,11.9738
661,180.101,11.9159
662,180.394,11.8713
663,180.692,11.8375
664,181.0,11.8128
665,181.308,11.7966
666,181.614,11.7903
667,181.898,11.7931
668,182.162,11.8028
669,182.433,11.8203
670,182.721,11.8475
671,182.992,11.8816
672,183.228,11.9178
673,183.473,11.9616
674,183.765,12.0228
675,184.009,12.0809
676,184.279,12.1528
677,184.549,12.2325
678,184.79,12.3106
679,185.072,12.4109
680,185.351,12.5191
681,185.588,12.6178
682,185.853,12.7362
683,186.148,12.8781
684,186.416,13.0166
685,186.699,13.1741
686,186.992,13.3481
687,187.218,13.49
688,187.518,13.6784
689,187.792,13.8416
690,188.086,14.0072
691,188.386,14.1684
692,188.665,14.3144
693,188.94,14.4484
694,189.237,14.5822
695,189.535,14.7081
696,189.821,14.8219
697,190.061,14.915
698,190.349,15.0334
699,190.615,15.15
700,190.883,15.2687
701,191.132,15.3812
702,191.353,15.4791
703,191.604,15.5822
704,191.866,15.6794
705,192.09,15.7575
706,192.303,15.8287
707,192.548,15.905
708,192.805,15.9747
709,193.076,16.0359
710,193.316,16.0825
711,193.563,16.1237
712,193.816,16.1622
713,194.061,16.2041
714,194.333,16.2578
715,194.617,16.3181
716,194.89,16.3759
717,195.154,16.4347
718,195.452,16.5078
719,195.739,16.5881
720,196.039,16.6856
721,196.326,16.7916
722,196.643,16.92
723,196.933,17.0478
724,197.208,17.1787
725,197.518,17.3369
726,197.822,17.5041
727,198.072,17.6503
728,198.388,17.8397
729,198.663,17.9991
730,198.961,18.1612
731,199.278,18.3237
732,199.57,18.4613
733,199.844,18.5784
734,200.124,18.6875
735,200.429,18.795
736,200.732,18.8909
737,201.017,18.9725
738,201.28,19.0394
739,201.581,19.1066
740,201.858,19.1591
741,202.087,19.1962
742,202.39,19.2369
743,202.645,19.2631
744,202.912,19.2841
745,203.197,19.2981
746,203.475,19.3037
747,203.763,19.3019
748,204.047,19.2919
749,204.352,19.2728
750,204.613,19.2494
751,204.92,19.2134
752,205.212,19.1712
753,205.549,19.1125
754,205.857,19.0497
755,206.139,18.9834
756,206.46,18.8991
757,206.749,18.8178
758,207.072,18.7231
759,207.367,18.6303
760,207.661,18.5309
761,207.946,18.4275
762,208.211,18.3297
763,208.474,18.2397
764,208.793,18.1409
765,209.037,18.0741
766,209.312,18.0094
767,209.563,17.9603
768,209.841,17.9163
769,210.074,17.8866
770,210.341,17.8594
771,210.579,17.8419
772,210.81,17.8309
773,211.08,17.8256
774,211.338,17.8272
775,211.602,17.8363
776,211.867,17.8528
777,212.12,17.875
778,212.359,17.9016
779,212.627,17.9378
780,212.908,17.9844
781,213.182,18.0369
782,213.487,18.1044
783,213.754,18.1709
784,214.044,18.2519
785,214.347,18.3459
786,214.645,18.4475
787,214.94,18.5575
788,215.267,18.6912
789,215.545,18.8141
790,215.836,18.9522
791,216.158,19.1169
792,216.468,19.2881
793,216.735,19.4456
794,217.022,19.6269
795,217.288,19.8059
796,217.528,19.9791
797,217.787,20.1756
798,218.06,20.3978
799,218.268,20.5769
800,218.512,20.7997
801,218.726,21.0084
802,218.918,21.2019
803,219.114,21.3931
804,219.311,21.5834
805,219.521,21.7875
806,219.718,21.9828
807,219.906,22.1659
808,220.1,22.3444
809,220.298,22.515
810,220.519,22.6912
811,220.757,22.865
812,220.97,23.0087
813,221.227,23.1731
814,221.481,23.3253
815,221.737,23.4691
816,222.0,23.6078
817,222.263,23.7372
818,222.524,23.8569
819,222.824,23.9844
820,223.118,24.0994
821,223.412,24.2047
822,223.736,24.31
823,224.033,24.3972
824,224.347,24.4794
825,224.655,24.55
826,224.944,24.6075
827,225.239,24.6569
828,225.522,24.6966
829,225.821,24.7297
830,226.111,24.7534
831,226.339,24.7653
832,226.623,24.7734
833,226.882,24.7731
834,227.16,24.7647
835,227.417,24.7494
836,227.663,24.7281
837,227.896,24.7022
838,228.176,24.6628
839,228.41,24.6244
840,228.683,24.5719
841,228.955,24.5131
842,229.211,24.4613
843,229.488,24.4144
844,229.78,24.3756
845,230.068,24.3478
846,230.349,24.3316
847,230.633,24.3263
848,230.935,24.33
849,231.264,24.3441
850,231.543,24.3637
851,231.896,24.3988
852,232.191,24.4366
853,232.512,24.4869
854,232.869,24.5541
855,233.201,24.6272
856,233.505,24.7028
857,233.859,24.8031
858,234.178,24.9041
859,234.494,25.0138
860,234.801,25.1319
861,235.09,25.2487
862,235.365,25.3569
863,235.66,25.4644
864,235.954,25.5628
865,236.259,25.6537
866,236.531,25.7234
867,236.813,25.7844
868,237.108,25.8378
869,237.388,25.8797
870,237.658,25.9128
871,237.929,25.9378
872,238.206,25.9553
873,238.425,25.9637
874,238.699,25.9669
875,238.965,25.9622
876,239.225,25.9509
877,239.489,25.9325
878,239.74,25.9081
879,240.017,25.8741
880,240.304,25.8306
881,240.594,25.7784
882,240.877,25.725
883,241.166,25.6772
884,241.485,25.6356
885,241.75,25.6097
886,242.079,25.5881
887,242.362,25.5809
888,242.733,25.585
889,243.017,25.5969
890,243.335,25.6194
891,243.681,25.6537
892,243.987,25.6934
893,244.302,25.7437
894,244.623,25.8044
895,244.949,25.8766
896,245.27,25.9581
897,245.567,26.0431
898,245.839,26.1294
899,246.132,26.2322
900,246.414,26.3403
901,246.682,26.4525
902,246.929,26.5641
903,247.162,26.6775
904,247.406,26.8037
905,247.644,26.9366
906,247.875,27.0737
907,248.091,27.2041
908,248.346,27.3525
909,248.581,27.4909
910,248.784,27.6122
911,249.024,27.7587
912,249.246,27.8962
913,249.502,28.0584
914,249.763,28.2262
915,250.012,28.39
916,250.227,28.5325
917,250.502,28.7103
918,250.742,28.8578
919,251.02,29.0178
920,251.304,29.1725
921,251.578,29.3156
922,251.886,29.4784
923,252.137,29.6106
924,252.418,29.7553
925,252.688,29.8934
926,252.955,30.0278
927,253.237,30.1703
928,253.5,30.3116
929,253.739,30.4491
930,254.004,30.6106
931,254.221,30.7481
932,254.447,30.8981
933,254.664,31.0537
934,254.868,31.2103
935,255.058,31.3641
936,255.274,31.5491
937,255.45,31.7094
938,255.639,31.8916
939,255.806,32.0591
940,256.009,32.2766
941,256.181,32.4719
942,256.343,32.6641
943,256.531,32.8972
944,256.707,33.1319
945,256.862,33.3481
946,257.046,33.6181
947,257.19,33.8447
948,257.358,34.1125
949,257.531,34.3969
950,257.697,34.685
951,257.826,34.9194
952,257.978,35.2087
953,258.119,35.4841
954,258.291,35.8069
955,258.45,36.0841
956,258.617,36.3556
957,258.791,36.6184
958,258.973,36.8706
959,259.149,37.0984
960,259.32,37.3078
961,259.511,37.5278
962,259.707,37.7409
963,259.898,37.9378
964,260.112,38.1444
965,260.309,38.3244
966,260.512,38.4997
967,260.705,38.6562
968,260.913,38.8166
969,261.075,38.9353
970,261.307,39.0953
971,261.503,39.2231
972,261.719,39.3575
973,261.943,39.4875
974,262.176,39.6153
975,262.4,39.7341
976,262.668,39.8713
977,262.915,39.9906
978,263.175,40.11
979,263.441,40.2253
980,263.704,40.3337
981,263.957,40.4412
982,264.23,40.5678
983,264.568,40.7378
984,264.804,40.8675
985,265.071,41.0262
986,265.344,41.2028
987,265.633,41.4022
988,265.889,41.5912
989,266.149,41.7938
990,266.444,42.0403
991,266.667,42.2381
992,266.923,42.4784
993,267.172,42.7278
994,267.412,42.9834
995,267.631,43.2313
996,267.829,43.4619
997,268.036,43.6937
998,268.247,43.92
999,268.487,44.1609
1000,268.712,44.3697
1001,268.932,44.5597
1002,269.131,44.7197
1003,269.383,44.9103
1004,269.587,45.055
1005,269.821,45.2119
1006,270.044,45.3516
1007,270.259,45.4797
1008,270.512,45.62
1009,270.714,45.725
1010,270.962,45.8456
1011,271.194,45.9503
1012,271.435,46.0522
1013,271.69,46.1519
1014,271.959,46.2487
1015,272.225,46.3363
1016,272.482,46.4134
1017,272.782,46.4947
1018,273.078,46.5656
1019,273.378,46.6281
1020,273.631,46.6747
1021,273.972,46.7275
1022,274.269,46.7641
1023,274.596,46.7953
1024,274.919,46.8172
1025,275.248,46.8294
1026,275.553,46.8325
1027,275.898,46.8253
1028,276.223,46.8088
1029,276.508,46.7859
1030,276.805,46.7541
1031,277.128,46.7172
1032,277.411,46.6909
1033,277.723,46.6712
1034,278.018,46.6616
1035,278.297,46.6628
1036,278.556,46.6741
1037,278.859,46.6981
1038,279.128,46.7284
1039,279.359,46.7609
1040,279.611,46.8028
1041,279.891,46.8581
1042,280.146,46.9156
1043,280.415,46.9841
1044,280.646,47.0494
1045,280.902,47.1291
1046,281.184,47.225
1047,281.457,47.3275
1048,281.691,47.4216
1049,281.969,47.5419
1050,282.229,47.6566
1051,282.534,47.7837
1052,282.834,47.8978
1053,283.092,47.9875
1054,283.4,48.0837
1055,283.741,48.1747
1056,284.059,48.2481
1057,284.376,48.3106
1058,284.709,48.3669
1059,285.035,48.4119
1060,285.352,48.4459
1061,285.72,48.4744
1062,286.064,48.49
1063,286.349,48.4947
1064,286.671,48.4903
1065,287.008,48.4766
1066,287.34,48.4519
1067,287.639,48.4203
1068,287.919,48.3828
1069,288.206,48.3356
1070,288.514,48.2759
1071,288.783,48.2147
1072,289.036,48.15
1073,289.308,48.0719
1074,289.566,47.9897
1075,289.807,47.9059
1076,290.069,47.8069
1077,290.326,47.7009
1078,290.578,47.5891
1079,290.83,47.4706
1080,291.104,47.3456
1081,291.364,47.2353
1082,291.647,47.1259
1083,291.929,47.0266
1084,292.201,46.94
1085,292.484,46.8619
1086,292.826,46.7809
1087,293.099,46.7256
1088,293.412,46.6703
1089,293.739,46.6231
1090,294.038,46.5891
1091,294.355,46.5612
1092,294.665,46.5438
1093,294.966,46.5356
1094,295.242,46.5356
1095,295.562,46.5456
1096,295.819,46.5606
1097,296.106,46.5859
1098,296.37,46.6159
1099,296.666,46.6491
1100,296.921,46.6719
1101,297.197,46.6966
1102,297.47,46.7225
1103,297.725,46.7459
1104,298.02,46.7656
1105,298.289,46.7787
1106,298.586,46.7906
1107,298.846,46.7984
1108,299.134,46.8041
1109,299.451,46.8009
1110,299.742,46.7869
1111,300.046,46.7603
1112,300.347,46.7241
1113,300.649,46.6834
1114,300.954,46.6459
1115,301.284,46.6156
1116,301.606,46.595
1117,301.935,46.5844
1118,302.282,46.585
1119,302.583,46.5975
1120,302.901,46.6203
1121,303.226,46.6534
1122,303.529,46.6934
1123,303.821,46.7406
1124,304.136,46.8009
1125,304.457,46.8734
1126,304.696,46.935
1127,304.964,47.0119
1128,305.242,47.0997
1129,305.498,47.1894
1130,305.761,47.29
1131,306.012,47.395
1132,306.224,47.49
1133,306.429,47.5891
1134,306.679,47.7169
1135,306.895,47.8347
1136,307.122,47.9678
1137,307.347,48.1072
1138,307.566,48.2503
1139,307.775,48.3928
1140,308.033,48.5778
1141,308.232,48.7291
1142,308.467,48.9147
1143,308.69,49.0994
1144,308.906,49.2766
1145,309.182,49.4897
1146,309.402,49.6484
1147,309.667,49.8272
1148,309.964,50.0125
1149,310.237,50.1678
1150,310.535,50.3253
1151,310.836,50.4731
1152,311.145,50.6134
1153,311.443,50.7437
1154,311.732,50.8716
1155,312.045,51.0062
1156,312.359,51.1366
1157,312.674,51.2625
1158,312.964,51.3775
1159,313.256,51.5016
1160,313.543,51.6334
1161,313.823,51.7734
1162,314.094,51.9228
1163,314.332,52.065
1164,314.557,52.2084
1165,314.794,52.3694
1166,315.029,52.5394
1167,315.243,52.7034
1168,315.439,52.8628
1169,315.663,53.0556
1170,315.872,53.2463
1171,316.069,53.4378
1172,316.258,53.6269
1173,316.445,53.8094
1174,316.686,54.0294
1175,316.907,54.2212
1176,317.136,54.4166
1177,317.351,54.6003
1178,317.564,54.7853
1179,317.824,55.0134
1180,318.066,55.2262
1181,318.296,55.4297
1182,318.525,55.6278
1183,318.755,55.8181
1184,319.029,56.0391
1185,319.246,56.2091
1186,319.517,56.4181
1187,319.737,56.5903
1188,319.979,56.7891
1189,320.21,56.9831
1190,320.408,57.1537
1191,320.625,57.3412
1192,320.842,57.5231
1193,321.044,57.6862
1194,321.256,57.8547
1195,321.462,58.0166
1196,321.669,58.1775
1197,321.866,58.3247
1198,322.09,58.4862
1199,322.311,58.6419
1200,322.541,58.7997
1201,322.73,58.9269
1202,322.967,59.0897
1203,323.206,59.2644
1204,323.438,59.4406
1205,323.673,59.6247
1206,323.898,59.8034
1207,324.122,59.99
1208,324.353,60.1962
1209,324.586,60.4231
1210,324.776,60.6209
1211,325.026,60.8956
1212,325.222,61.1209
1213,325.434,61.3606
1214,325.652,61.6122
1215,325.879,61.8784
1216,326.091,62.1347
1217,326.294,62.3859
1218,326.489,62.6209
1219,326.724,62.8887
1220,326.917,63.0966
1221,327.145,63.3256
1222,327.361,63.5259
1223,327.599,63.7331
1224,327.849,63.9366
1225,328.053,64.0944
1226,328.281,64.26
1227,328.529,64.4291
1228,328.737,64.5625
1229,328.995,64.7172
1230,329.188,64.8259
1231,329.42,64.9491
1232,329.663,65.0681
1233,329.883,65.1694
1234,330.121,65.2716
1235,330.375,65.3719
1236,330.599,65.4538
1237,330.867,65.5456
1238,331.101,65.6269
1239,331.369,65.7172
1240,331.644,65.8053
1241,331.919,65.8887
1242,332.188,65.9688
1243,332.499,66.0694
1244,332.777,66.1694
1245,333.082,66.29
1246,333.378,66.4209
1247,333.639,66.5484
1248,333.944,66.7087
1249,334.239,66.8763
1250,334.484,67.0247
1251,334.791,67.2234
1252,335.041,67.3956
1253,335.33,67.6069
1254,335.612,67.8284
1255,335.827,68.0072
1256,336.071,68.2222
1257,336.33,68.4625
1258,336.537,68.665
1259,336.757,68.8934
1260,336.967,69.1225
1261,337.158,69.3444
1262,337.331,69.5481
1263,337.536,69.7791
1264,337.737,69.9928
1265,337.907,70.1609
1266,338.102,70.3422
1267,338.324,70.5316
1268,338.529,70.6928
1269,338.762,70.8659
1270,338.986,71.0222
1271,339.239,71.1888
1272,339.446,71.3178
1273,339.715,71.475
1274,339.966,71.6122
1275,340.259,71.7612
1276,340.515,71.8828
1277,340.766,71.9938
1278,341.076,72.1206
1279,341.367,72.2306
1280,341.656,72.33
1281,341.98,72.4313
1282,342.3,72.5206
1283,342.561,72.5856
1284,342.92,72.6634
1285,343.197,72.7141
1286,343.502,72.7616
1287,343.758,72.7959
1288,344.046,72.8375
1289,344.35,72.8903
1290,344.631,72.9481
1291,344.906,73.0094
1292,345.155,73.0675
1293,345.433,73.1413
1294,345.676,73.2159
1295,345.964,73.3184
1296,346.205,73.4131
1297,346.442,73.5125
1298,346.723,73.6403
1299,346.96,73.7556
1300,347.202,73.8819
1301,347.497,74.0469
1302,347.742,74.1937
1303,347.966,74.3363
1304,348.247,74.5247
1305,348.504,74.7091
1306,348.759,74.9034
1307,349.007,75.1044
1308,349.24,75.3044
1309,349.509,75.5484
1310,349.714,75.7459
1311,349.946,75.9819
1312,350.169,76.2244
1313,350.403,76.4934
1314,350.609,76.7434
1315,350.817,77.0141
1316,351.008,77.2787
1317,351.182,77.5359
1318,351.361,77.8213
1319,351.485,78.0297
1320,351.631,78.2919
1321,351.836,78.6941
1322,351.909,78.8494
1323,352.008,79.0697
1324,352.11,79.3166
1325,352.204,79.5628
1326,352.291,79.8112
1327,352.371,80.0612
1328,352.439,80.2931
1329,352.521,80.5622
1330,352.592,80.8025
1331,352.668,81.0719
1332,352.736,81.3259
1333,352.796,81.575
1334,352.849,81.8234
1335,352.901,82.1309
1336,352.939,82.4144
1337,352.97,82.6959
1338,352.992,82.9712
1339,353.01,83.2872
1340,353.017,83.5909
1341,353.016,83.9053
1342,353.006,84.2325
1343,352.987,84.535
1344,352.957,84.8797
1345,352.916,85.215
1346,352.867,85.5484
1347,352.807,85.8834
1348,352.741,86.2
1349,352.657,86.5481
1350,352.566,86.875
1351,352.47,87.1891
1352,352.366,87.4912
1353,352.262,87.7744
1354,352.126,88.105
1355,352.016,88.3525
1356,351.886,88.6284
1357,351.734,88.9219
